revenue report for clients,make it shorter,2025-12-14T13:10:40.922089+00:00
revenue report for clients,make it shorter,2025-12-14T13:36:09.047352+00:00
q3 sales 2010,make it shorter,2025-12-14T14:39:33.878658+00:00
q3 sales 2017,make it shorter,2025-12-14T14:41:09.355969+00:00
sales revenue for 2016 ,make it shorter,2025-12-14T15:04:06.928233+00:00
sales revenue for clients,make it shorter,2025-12-14T18:13:13.309033+00:00
sales revenue for 2019,make it longer,2025-12-14T20:17:12.841139+00:00
sales revenue 2016,make it shorter,2025-12-14T20:59:48.395819+00:00
sales revenue in 2016,make it shorter,2025-12-15T11:23:13.100885+00:00
sales revenue in 2016,rewrite it and give me the sales revenue about 2016 and 2018 as well,2025-12-15T11:43:16.186526+00:00
sales revenue for 2010 compared to 2015,make it shorter,2026-01-17T11:55:34.775949+00:00
sales revenue 2016,make it shorter,2026-01-17T11:58:40.064336+00:00
